<?xml version="1.0" encoding="UTF-8"?>
<beans xmlns="http://www.springframework.org/schema/beans"
	xmlns:xsi="http://www.w3.org/2001/XMLSchema-instance" xmlns:context="http://www.springframework.org/schema/context"
	xsi:schemaLocation="http://www.springframework.org/schema/beans http://www.springframework.org/schema/beans/spring-beans.xsd
		http://www.springframework.org/schema/context http://www.springframework.org/schema/context/spring-context-3.0.xsd">

	<context:component-scan base-package="com.wemp.controller">
	</context:component-scan>

	<bean
		class="org.springframework.web.servlet.view.InternalResourceViewResolver">
		<property name="prefix">
			<value>/WEB-INF/pages/</value>
		</property>

		<property name="suffix">
			<value>.jsp</value>
		</property>
	</bean>

    <bean id="multipartResolver"
		class="org.springframework.web.multipart.commons.CommonsMultipartResolver">

		<!-- setting maximum upload size -->
		<property name="maxUploadSize" value="5242880" />
	</bean>


	<bean id="ds"
		class="org.springframework.jdbc.datasource.DriverManagerDataSource">
		<property name="driverClassName" value="oracle.jdbc.OracleDriver" />
		<property name="url" value="jdbc:oracle:thin:@localhost:1521:xe" />
		<property name="username" value="system" />
		<property name="password" value="Newuser123" />
	</bean>

	<bean id="jdbcTemplate" class="org.springframework.jdbc.core.JdbcTemplate">
		<property name="dataSource" ref="ds"></property>
	</bean>

	<bean id="edao" class="com.wemp.dao.TraineeDao">
		<property name="jdbc" ref="jdbcTemplate">
		</property>
	</bean>
	<bean id="ed" class="com.wemp.dao.AdminDao">
		<property name="jdbco" ref="jdbcTemplate">
		</property>
	</bean>
	<bean id="edi" class="com.wemp.dao.StatusDao">
		<property name="jdbcs" ref="jdbcTemplate">
		</property>
	</bean>
	
</beans>